Codigo,Dominio,Control,Descripcion,Severidad,CVSS_Score,Framework_CIS,Framework_ISO,Framework_NIST,Recursos_Inventario,Region_Principal,Estado_Verificacion,Hallazgo_Encontrado,Cantidad_Afectada,Prioridad,Tiempo_Remediacion_Dias,Esfuerzo_Horas,Responsable,Fecha_Verificacion,Evidencia,Recomendacion
IAM-001,IAM,Usuarios con Privilegios Administrativos Excesivos,Usuarios con permisos de administrador sin justificación de negocio,CRITICA,9.1,CIS 1.15,ISO 27001 A.9.2.3,NIST PR.AC-4,Usuarios IAM,Global,Pendiente,,0,1,7,8,,,,"Implementar principio de menor privilegio, revisar todos los usuarios admin"
IAM-002,IAM,Ausencia de Autenticación Multifactor (MFA),Usuarios sin MFA habilitado especialmente con privilegios elevados,CRITICA,8.5,CIS 1.5-1.11,ISO 27001 A.9.4.2,NIST PR.AC-7,Usuarios IAM,Global,Pendiente,,0,1,3,4,,,,"Habilitar MFA obligatorio para todos los usuarios, especialmente admins"
IAM-003,IAM,Access Keys Antiguas o No Rotadas,Access keys con más de 90 días sin rotación,ALTA,7.3,CIS 1.3,ISO 27001 A.9.2.6,NIST PR.AC-1,Access Keys IAM,Global,Pendiente,,0,2,14,6,,,,Establecer política de rotación cada 90 días y eliminar keys no utilizadas
IAM-004,IAM,Políticas de Contraseñas Débiles,Política de contraseñas no cumple con estándares mínimos,ALTA,7.1,CIS 1.1,ISO 27001 A.9.4.3,NIST PR.AC-1,Account Settings,Global,Pendiente,,0,2,7,4,,,,Configurar política: mínimo 12 caracteres con complejidad
IAM-005,IAM,Usuarios Inactivos,Usuarios sin actividad en los últimos 90 días,MEDIA,5.3,CIS 1.2,ISO 27001 A.9.2.5,NIST PR.AC-2,Usuarios IAM,Global,Pendiente,,0,3,30,3,,,,Desactivar o eliminar usuarios inactivos
IAM-006,IAM,Permisos Excesivos en Políticas,Políticas con permisos * o acceso completo sin restricciones,ALTA,8.2,CIS 1.16,ISO 27001 A.9.1.2,NIST PR.AC-4,Políticas IAM,Global,Pendiente,,0,2,14,8,,,,Refinar políticas con permisos específicos
IAM-007,IAM,Ausencia de Segregación de Funciones,Falta de separación entre roles administrativos y operativos,MEDIA,6.5,N/A,ISO 27001 A.6.1.2,NIST PR.AC-4,Roles IAM,Global,Pendiente,,0,3,30,12,,,,Implementar modelo RBAC con segregación clara
IAM-008,IAM,Grupos sin Políticas Asociadas,Grupos de usuarios creados sin políticas definidas,BAJA,3.1,CIS 1.14,ISO 27001 A.9.1.1,N/A,Grupos IAM,Global,Pendiente,,0,4,60,2,,,,Asignar políticas apropiadas o eliminar grupos vacíos
IAM-009,IAM,Ausencia de Proceso de Onboarding/Offboarding,Sin proceso formal para alta y baja de usuarios,ALTA,7.2,N/A,ISO 27001 A.9.2.1,NIST PR.AC-1,Proceso IAM,Global,Pendiente,,0,2,14,24,,,,Implementar proceso formal de gestión de identidades
IAM-010,IAM,Cuentas de Servicio sin Rotación,Cuentas de servicio con credenciales estáticas sin rotación,ALTA,7.5,CIS 1.4,ISO 27001 A.9.2.6,NIST PR.AC-1,Service Accounts,Global,Pendiente,,0,2,14,8,,,,Implementar rotación automática para cuentas de servicio
IAM-011,IAM,Sin Registro de Accesos Privilegiados,Accesos administrativos sin logging detallado,ALTA,7.8,CIS 1.12,ISO 27001 A.12.4.1,NIST DE.CM-3,Admin Access Logs,Global,Pendiente,,0,2,7,6,,,,Habilitar logging completo para accesos privilegiados
IAM-012,IAM,Políticas IAM Inline Excesivas,Uso excesivo de políticas inline vs políticas gestionadas,MEDIA,5.5,CIS 1.20,ISO 27001 A.9.1.1,NIST PR.AC-4,Políticas IAM,Global,Pendiente,,0,3,30,12,,,,Migrar a políticas gestionadas reutilizables
IAM-013,IAM,Sin Revisión Periódica de Permisos,Ausencia de revisión trimestral de permisos y accesos,MEDIA,6.2,N/A,ISO 27001 A.9.2.5,NIST PR.AC-1,Todos los usuarios,Global,Pendiente,,0,3,30,16,,,,Implementar revisión trimestral de access review
IAM-014,IAM,Usuarios con Múltiples Access Keys Activas,Usuarios con más de una access key activa simultáneamente,MEDIA,5.8,CIS 1.13,ISO 27001 A.9.2.6,NIST PR.AC-1,Access Keys,Global,Pendiente,,0,3,30,4,,,,Mantener solo una access key activa por usuario
IAM-015,IAM,Sin Política de Naming Convention,Ausencia de convención de nombres para recursos IAM,BAJA,3.5,N/A,ISO 27001 A.12.1.1,NIST ID.AM-1,Recursos IAM,Global,Pendiente,,0,4,60,8,,,,Establecer y documentar convención de nombres
IAM-016,IAM,Roles Cross-Account sin Restricciones,Roles de acceso cross-account sin restricciones adecuadas,CRITICA,8.9,CIS 1.19,ISO 27001 A.9.1.2,NIST PR.AC-4,Cross-Account Roles,Global,Pendiente,,0,1,3,6,,,,Aplicar restricciones y condiciones en roles cross-account
IAM-017,IAM,Sin Federación de Identidades,No uso de federación con IdP corporativo (SAML/OIDC),ALTA,6.8,CIS 1.21,ISO 27001 A.9.2.1,NIST PR.AC-6,Sistema SSO,Global,Pendiente,,0,2,21,40,,,,Implementar federación con Active Directory/LDAP
IAM-018,IAM,Políticas con Versiones Antiguas,Políticas IAM usando versiones deprecadas del lenguaje,BAJA,3.2,N/A,ISO 27001 A.12.1.1,NIST PR.IP-1,Políticas IAM,Global,Pendiente,,0,4,60,4,,,,Actualizar todas las políticas a la última versión
IAM-019,IAM,Sin Control de Sesiones Concurrentes,Usuarios pueden tener múltiples sesiones activas sin límite,MEDIA,5.9,N/A,ISO 27001 A.9.4.2,NIST PR.AC-7,Session Management,Global,Pendiente,,0,3,30,8,,,,Implementar límite de sesiones concurrentes
IAM-020,IAM,Ausencia de Privileged Access Management,Sin solución PAM para gestión de accesos privilegiados,ALTA,7.6,N/A,ISO 27001 A.9.2.3,NIST PR.AC-4,Usuarios Admin,Global,Pendiente,,0,2,14,32,,,,Implementar solución PAM o JIT access
IAM-021,IAM,Tokens de API sin Expiración,Tokens de API con tiempo de vida excesivo o sin expiración,ALTA,7.3,CIS 1.22,ISO 27001 A.9.4.3,NIST PR.AC-1,API Tokens,Global,Pendiente,,0,2,7,6,,,,Configurar expiración máxima de 12 horas para tokens
IAM-022,IAM,Sin Segregación por Ambiente,Mismos usuarios/roles para Dev/Test/Prod,ALTA,7.1,N/A,ISO 27001 A.6.1.2,NIST PR.AC-4,Ambientes,Global,Pendiente,,0,2,14,16,,,,Segregar accesos por ambiente (Dev/Test/Prod)
IAM-023,IAM,Roles sin Principio de Confianza Cero,Roles que confían en cualquier principal sin validación,MEDIA,6.4,N/A,ISO 27001 A.9.1.2,NIST ZTA,Trust Policies,Global,Pendiente,,0,3,30,8,,,,Implementar Zero Trust en políticas de confianza
IAM-024,IAM,Sin Auditoría de Cambios IAM,Cambios en IAM sin aprobación ni registro de auditoría,ALTA,7.2,CIS 3.1,ISO 27001 A.12.4.1,NIST DE.AE-3,IAM Changes,Global,Pendiente,,0,2,7,12,,,,Implementar workflow de aprobación para cambios IAM
IAM-025,IAM,Usuarios Genéricos o Compartidos,Existencia de cuentas genéricas compartidas entre usuarios,CRITICA,8.7,CIS 1.16,ISO 27001 A.9.2.1,NIST PR.AC-1,Usuarios genéricos,Global,Pendiente,,0,1,3,4,,,,Eliminar cuentas compartidas y crear usuarios nominales
IAM-026,IAM,Sin Gestión de Identidades Privilegiadas,Cuentas admin sin gestión especial PIM/PAM,ALTA,7.9,N/A,ISO 27001 A.9.2.3,NIST PR.AC-4,Admin accounts,Global,Pendiente,,0,2,14,24,,,,Implementar PIM para cuentas administrativas
IAM-027,IAM,Permisos Heredados No Documentados,Permisos heredados de grupos/roles sin documentación clara,MEDIA,5.6,N/A,ISO 27001 A.9.1.1,NIST ID.GV-1,Permission inheritance,Global,Pendiente,,0,3,30,16,,,,Documentar y revisar herencia de permisos
IAM-028,IAM,Sin Break-Glass Procedure,Ausencia de procedimiento de acceso de emergencia,ALTA,7.0,N/A,ISO 27001 A.9.1.2,NIST RS.AN-5,Emergency Access,Global,Pendiente,,0,2,7,8,,,,Crear procedimiento break-glass para emergencias
IAM-029,IAM,Certificados sin Gestión Centralizada,Certificados digitales gestionados de forma descentralizada,MEDIA,6.1,N/A,ISO 27001 A.10.1.2,NIST PR.DS-2,Certificates,Global,Pendiente,,0,3,30,20,,,,Centralizar gestión de certificados digitales
IAM-030,IAM,Sin Métricas de Uso IAM,Ausencia de KPIs y métricas sobre uso del sistema IAM,BAJA,3.8,N/A,ISO 27001 A.12.1.3,NIST DE.DP-4,IAM Metrics,Global,Pendiente,,0,4,60,12,,,,Implementar dashboard con métricas IAM
NET-001,NETWORK,VPC sin Segregación de Subnets,VPCs sin subnets públicas y privadas segregadas,ALTA,7.5,CIS 2.1,ISO 27001 A.13.1.1,NIST PR.AC-5,20 VPCs,LA-Buenos Aires1/LA-Santiago,Pendiente,,0,2,14,16,,,,Segregar subnets públicas y privadas en todas las VPCs
NET-002,NETWORK,Subnets Públicas sin Justificación,Recursos en subnets públicas sin necesidad de acceso desde Internet,ALTA,7.2,CIS 2.2,ISO 27001 A.13.1.3,NIST PR.AC-5,Subnets en 20 VPCs,LA-Buenos Aires1/LA-Santiago,Pendiente,,0,2,14,8,,,,Mover recursos a subnets privadas cuando sea posible
NET-003,NETWORK,Security Groups con Reglas 0.0.0.0/0,Security groups permitiendo acceso desde cualquier IP externa,CRITICA,9.3,CIS 4.1-4.4,ISO 27001 A.13.1.1,NIST PR.AC-5,17 Security Groups,LA-Buenos Aires1/LA-Santiago,Pendiente,,0,1,3,6,,,,Restringir reglas a IPs y puertos específicos
NET-004,NETWORK,Puertos Críticos Expuestos a Internet,Puertos sensibles (22/3389/3306) abiertos a Internet,CRITICA,9.8,CIS 4.1-4.4,ISO 27001 A.13.1.1,NIST PR.AC-5,112 ECS,LA-Buenos Aires1/LA-Santiago,Pendiente,,0,1,3,8,,,,Cerrar puertos críticos o restringir a IPs específicas
NET-005,NETWORK,Ausencia de Network ACLs,VPCs sin Network ACLs configuradas como defensa adicional,MEDIA,5.8,CIS 3.1-3.7,ISO 27001 A.13.1.1,NIST PR.AC-5,20 VPCs,LA-Buenos Aires1/LA-Santiago,Pendiente,,0,3,30,12,,,,Implementar NACLs como capa adicional de seguridad
NET-006,NETWORK,VPC Peering sin Restricciones,Conexiones VPC peering sin políticas de seguridad restrictivas,ALTA,7.3,CIS 2.3,ISO 27001 A.13.1.3,NIST PR.AC-5,VPC Peerings,Multi-region,Pendiente,,0,2,14,8,,,,Aplicar políticas restrictivas en conexiones peering
NET-007,NETWORK,ELB sin Cifrado SSL/TLS,Elastic Load Balancers sin certificados SSL/TLS o versiones obsoletas,ALTA,7.4,CIS 2.4,ISO 27001 A.10.1.1,NIST PR.DS-2,2 ELBs,LA-Buenos Aires1,Pendiente,,0,2,7,4,,,,Configurar certificados SSL/TLS actualizados
NET-008,NETWORK,Ausencia de Flow Logs,VPCs sin flow logs habilitados para monitoreo de tráfico,MEDIA,4.3,CIS 2.5,ISO 27001 A.12.4.1,NIST DE.CM-1,20 VPCs,LA-Buenos Aires1/LA-Santiago,Pendiente,,0,3,30,6,,,,Habilitar VPC Flow Logs y enviar a Fortinet FortiAnalyzer
NET-009,NETWORK,Sin Aislamiento entre Ambientes,Comunicación permitida entre Dev/Test/Prod en Huawei Cloud,CRITICA,8.5,CIS 4.6,ISO 27001 A.13.1.3,NIST PR.AC-5,20 VPCs,Multi-region,Pendiente,,0,1,7,16,,,,Segregar ambientes en VPCs separadas con políticas restrictivas
NET-010,NETWORK,Comunicación Lateral sin Restricción,Security groups permitiendo ANY-ANY entre instancias internas,ALTA,7.8,CIS 4.5,ISO 27001 A.13.1.1,NIST PR.AC-5,17 Security Groups,LA-Buenos Aires1/LA-Santiago,Pendiente,,0,2,14,12,,,,Aplicar microsegmentación y principio de menor privilegio interno
NET-011,NETWORK,Sin Integración con Fortinet SIEM,Logs y eventos de red no integrados con plataforma Fortinet,ALTA,6.9,N/A,ISO 27001 A.12.4.1,NIST DE.AE-1,Flow Logs/Events,Multi-region,Pendiente,,0,2,14,16,,,,Integrar eventos de Huawei Cloud con FortiSIEM/FortiAnalyzer
NET-012,NETWORK,EIPs sin Justificación Documentada,IPs elásticas asignadas sin justificación de negocio,MEDIA,5.8,N/A,ISO 27001 A.8.1.1,NIST ID.AM-2,10 EIPs,LA-Buenos Aires1/LA-Santiago,Pendiente,,0,3,30,4,,,,Documentar necesidad de cada EIP y liberar las no utilizadas
NET-013,NETWORK,Bandwidth sin Límites Configurados,Ancho de banda sin throttling o QoS configurado,MEDIA,5.2,N/A,ISO 27001 A.13.2.1,NIST PR.DS-5,10 Bandwidth resources,LA-Buenos Aires1/LA-Santiago,Pendiente,,0,3,30,6,,,,Configurar límites de bandwidth según SLAs
NET-014,NETWORK,Route Tables sin Documentación,Tablas de ruteo complejas sin documentación actualizada,BAJA,4.1,N/A,ISO 27001 A.12.1.1,NIST ID.AM-3,Route tables en 20 VPCs,Multi-region,Pendiente,,0,4,60,8,,,,Documentar y simplificar tablas de ruteo donde sea posible
NET-015,NETWORK,DNS Resolver sin Restricciones,Resolución DNS usando servidores públicos sin filtrado,MEDIA,5.9,CIS 2.6,ISO 27001 A.13.1.1,NIST PR.AC-5,DNS configuration,Multi-region,Pendiente,,0,3,30,6,,,,Implementar DNS privado con filtrado de dominios maliciosos
NET-016,NETWORK,NAT Gateway sin Alta Disponibilidad,NAT Gateways únicos sin configuración redundante para HA,ALTA,7.2,N/A,ISO 27001 A.17.1.1,NIST PR.PT-5,NAT Gateways,LA-Buenos Aires1/LA-Santiago,Pendiente,,0,2,14,8,,,,Implementar NAT Gateways redundantes en múltiples AZs
NET-017,NETWORK,NAT Gateway Compartido entre Ambientes,Mismo NAT Gateway usado por Dev/Test/Prod sin segregación,ALTA,7.6,N/A,ISO 27001 A.13.1.3,NIST PR.AC-5,NAT Gateways,Multi-region,Pendiente,,0,2,7,12,,,,Segregar NAT Gateways por ambiente y criticidad
NET-018,NETWORK,Sin VPC Endpoints para Servicios,Tráfico a servicios de Huawei Cloud pasando por Internet,ALTA,7.1,N/A,ISO 27001 A.13.1.1,NIST PR.AC-5,VPC Endpoints,LA-Buenos Aires1/LA-Santiago,Pendiente,,0,2,14,16,,,,Implementar VPC Endpoints para servicios críticos (OBS/RDS/etc)
NET-019,NETWORK,Cross-Region Traffic sin Cifrado,Transferencias entre regiones sin cifrado adicional,CRITICA,8.2,N/A,ISO 27001 A.10.1.1,NIST PR.DS-2,Multi-region traffic,5 regiones,Pendiente,,0,1,7,20,,,,Cifrar todo tráfico cross-region con IPSec o TLS
NET-020,NETWORK,Sin Segmentación de Bases de Datos,RDS/DDS accesibles desde múltiples subnets,CRITICA,8.8,CIS 4.6,ISO 27001 A.13.1.3,NIST PR.AC-5,Database subnets,LA-Buenos Aires1/LA-Santiago,Pendiente,,0,1,7,24,,,,Aislar bases de datos en subnets dedicadas con SG restrictivos
NET-021,NETWORK,VPCs sin Recursos Asociados,VPCs creadas pero sin recursos activos generando costos,MEDIA,4.2,N/A,ISO 27001 A.8.1.1,NIST ID.AM-1,20 VPCs,Multi-region,Pendiente,,0,3,30,4,,,,Eliminar VPCs vacías o documentar justificación para mantenerlas
NET-022,NETWORK,Incumplimiento de Nomenclatura,Recursos de red sin seguir convención de nombres estándar,BAJA,3.5,N/A,ISO 27001 A.12.1.1,NIST ID.AM-1,VPCs/Subnets/SGs,Multi-region,Pendiente,,0,4,60,8,,,,Aplicar nomenclatura estándar: ambiente-region-servicio-recurso
NET-023,NETWORK,Comunicación No Autorizada entre Ambientes,Tráfico detectado entre VPCs de Dev/Test/Prod sin justificación,CRITICA,9.1,CIS 4.6,ISO 27001 A.13.1.3,NIST PR.AC-5,VPC Peering/Routes,Multi-region,Pendiente,,0,1,3,16,,,,Eliminar rutas y peerings no autorizados entre ambientes
NET-024,NETWORK,VPN Site-to-Site sin Redundancia,Conexiones VPN sin túneles redundantes para alta disponibilidad,ALTA,7.3,CIS 2.7,ISO 27001 A.17.1.2,NIST PR.PT-5,VPN Connections,Multi-region,Pendiente,,0,2,14,12,,,,Configurar túneles VPN redundantes con diferentes endpoints
NET-025,NETWORK,VPN con Algoritmos Débiles,VPN usando algoritmos de cifrado obsoletos (3DES/MD5/SHA1),CRITICA,8.4,CIS 2.8,ISO 27001 A.10.1.1,NIST PR.DS-2,VPN Connections,Multi-region,Pendiente,,0,1,7,8,,,,Actualizar a AES-256/SHA256/DH14 mínimo
NET-026,NETWORK,Client VPN sin MFA,Acceso VPN de usuarios sin autenticación multifactor,CRITICA,8.9,CIS 1.2,ISO 27001 A.9.4.2,NIST PR.AC-7,Client VPN,Multi-region,Pendiente,,0,1,3,16,,,,Implementar MFA obligatorio para todas las conexiones Client VPN
NET-027,NETWORK,VPN sin Logs de Conexión,Conexiones VPN sin registro detallado de actividad,ALTA,6.8,CIS 2.9,ISO 27001 A.12.4.1,NIST DE.CM-1,VPN Connections,Multi-region,Pendiente,,0,2,14,6,,,,Habilitar logs detallados de conexiones VPN y enviar a SIEM
NET-028,NETWORK,Direct Connect sin Cifrado,Conexión Direct Connect sin capa adicional de cifrado,ALTA,7.6,N/A,ISO 27001 A.10.1.1,NIST PR.DS-2,Direct Connect,LA-Buenos Aires1,Pendiente,,0,2,14,20,,,,Implementar MACsec o IPSec sobre Direct Connect
NET-029,NETWORK,Direct Connect sin VLAN Segregación,Direct Connect compartiendo VLANs entre ambientes,CRITICA,8.3,N/A,ISO 27001 A.13.1.3,NIST PR.AC-5,Direct Connect,LA-Buenos Aires1,Pendiente,,0,1,7,16,,,,Segregar VLANs por ambiente/criticidad en Direct Connect
NET-030,NETWORK,Direct Connect sin BGP Communities,Rutas BGP sin communities para control granular de tráfico,MEDIA,5.4,N/A,ISO 27001 A.13.2.1,NIST PR.AC-5,Direct Connect,LA-Buenos Aires1,Pendiente,,0,3,30,12,,,,Implementar BGP communities para control de rutas
NET-031,NETWORK,Direct Connect sin Monitoreo,Enlaces Direct Connect sin monitoreo de performance/disponibilidad,ALTA,6.7,N/A,ISO 27001 A.12.1.3,NIST DE.CM-1,Direct Connect,LA-Buenos Aires1,Pendiente,,0,2,14,8,,,,Implementar monitoreo proactivo de enlaces Direct Connect
NET-032,NETWORK,ELB sin Health Checks Personalizados,Load Balancers con health checks básicos no ajustados,MEDIA,5.6,N/A,ISO 27001 A.17.1.1,NIST PR.PT-5,2 ELBs,LA-Buenos Aires1,Pendiente,,0,3,30,4,,,,Configurar health checks específicos por aplicación
NET-033,NETWORK,ELB sin Sticky Sessions Configuradas,ELBs sin persistencia de sesión donde es requerida,MEDIA,4.8,N/A,ISO 27001 A.14.2.5,NIST PR.PT-3,2 ELBs,LA-Buenos Aires1,Pendiente,,0,3,30,6,,,,Configurar sticky sessions según requerimientos de aplicación
NET-034,NETWORK,ELB sin Restricción por IP,Load Balancers accesibles desde cualquier IP sin whitelist,ALTA,7.4,CIS 4.1,ISO 27001 A.13.1.1,NIST PR.AC-5,2 ELBs,LA-Buenos Aires1,Pendiente,,0,2,14,8,,,,Implementar whitelist de IPs en listeners de ELB
NET-035,NETWORK,ELB sin Access Logs,Load Balancers sin logs de acceso habilitados,MEDIA,5.9,CIS 2.5,ISO 27001 A.12.4.1,NIST DE.CM-1,2 ELBs,LA-Buenos Aires1,Pendiente,,0,3,30,4,,,,Habilitar access logs en ELB y enviar a OBS/SIEM
NET-036,NETWORK,ELB sin Cross-Zone Load Balancing,ELBs sin balanceo entre zonas de disponibilidad,MEDIA,5.2,N/A,ISO 27001 A.17.1.2,NIST PR.PT-5,2 ELBs,LA-Buenos Aires1,Pendiente,,0,3,30,4,,,,Habilitar cross-zone load balancing para mejor distribución
NET-037,NETWORK,ELB con Timeouts Incorrectos,Timeouts de idle connection mal configurados,BAJA,3.9,N/A,ISO 27001 A.14.2.5,NIST PR.PT-3,2 ELBs,LA-Buenos Aires1,Pendiente,,0,4,60,3,,,,Ajustar timeouts según características de aplicaciones
NET-038,NETWORK,ELB sin DDoS Protection,Load Balancers sin protección anti-DDoS configurada,ALTA,7.8,N/A,ISO 27001 A.13.1.1,NIST PR.PT-4,2 ELBs,LA-Buenos Aires1,Pendiente,,0,2,14,12,,,,Implementar Anti-DDoS Pro en ELBs públicos
NET-039,NETWORK,Direct Connect sin Backup Path,Conexión Direct Connect sin path de backup configurado,ALTA,7.5,N/A,ISO 27001 A.17.1.2,NIST PR.PT-5,Direct Connect,LA-Buenos Aires1,Pendiente,,0,2,14,24,,,,Configurar VPN backup o segundo Direct Connect
NET-040,NETWORK,Network sin Microsegmentación,Falta de microsegmentación entre servicios críticos,ALTA,7.7,CIS 4.6,ISO 27001 A.13.1.3,NIST PR.AC-5,Network Architecture,Multi-region,Pendiente,,0,2,14,40,,,,Implementar microsegmentación Zero Trust
NET-041,NETWORK,Sin Traffic Inspection Este-Oeste,Tráfico lateral sin inspección de seguridad,ALTA,7.9,N/A,ISO 27001 A.13.1.1,NIST DE.CM-1,Internal Traffic,Multi-region,Pendiente,,0,2,14,32,,,,Implementar inspección de tráfico Este-Oeste con Fortinet
STO-001,STORAGE,Volúmenes EVS sin Cifrado,Volúmenes de almacenamiento sin cifrado habilitado,CRITICA,8.6,CIS 5.1,ISO 27001 A.10.1.1,NIST PR.DS-1,251 EVS,LA-Buenos Aires1/LA-Santiago,Pendiente,,0,1,7,24,,,,"Habilitar cifrado en todos los volúmenes EVS, especialmente producción"
STO-002,STORAGE,Buckets OBS Públicos,Buckets de Object Storage con acceso público no restringido,CRITICA,9.1,CIS 5.2,ISO 27001 A.13.2.1,NIST PR.AC-3,1 OBS,LA-Santiago,Pendiente,,0,1,3,2,,,,Restringir acceso público en buckets OBS
STO-003,STORAGE,Ausencia de Versionado en OBS,Buckets sin versionado habilitado para protección contra eliminación,MEDIA,5.3,CIS 5.3,ISO 27001 A.12.3.1,NIST PR.IP-4,1 OBS,LA-Santiago,Pendiente,,0,3,30,2,,,,Habilitar versionado en buckets críticos
STO-004,STORAGE,Políticas de Lifecycle Ausentes,Sin políticas de lifecycle para gestión de datos antiguos,BAJA,3.1,CIS 5.4,ISO 27001 A.8.3.3,NIST PR.DS-3,1 OBS,LA-Santiago,Pendiente,,0,4,60,4,,,,Configurar políticas de lifecycle para optimizar costos
STO-005,STORAGE,Access Logging Deshabilitado,Buckets sin logging de acceso habilitado,MEDIA,4.3,CIS 5.5,ISO 27001 A.12.4.1,NIST DE.AE-3,1 OBS,LA-Santiago,Pendiente,,0,3,30,2,,,,Habilitar logging de acceso en buckets OBS
STO-006,STORAGE,KMS Keys sin Rotación,Llaves de cifrado KMS sin política de rotación automática,ALTA,7.1,CIS 5.6,ISO 27001 A.10.1.2,NIST PR.DS-1,KMS Keys,Multi-region,Pendiente,,0,2,14,4,,,,Configurar rotación automática de llaves KMS
STO-007,STORAGE,Snapshots sin Cifrado,Snapshots de volúmenes sin cifrado aplicado,ALTA,7.5,CIS 5.7,ISO 27001 A.10.1.1,NIST PR.DS-1,IMS Snapshots,LA-Santiago,Pendiente,,0,2,14,8,,,,Cifrar todos los snapshots de volúmenes
STO-008,STORAGE,Cross-Region Replication Ausente,Sin replicación cross-region para datos críticos,MEDIA,5.9,N/A,ISO 27001 A.17.1.2,NIST PR.IP-4,OBS/EVS críticos,Single region,Pendiente,,0,3,45,16,,,,Implementar replicación cross-region para datos críticos
STO-009,STORAGE,Backups No Configurados,Recursos sin políticas de backup automático configuradas,ALTA,7.5,N/A,ISO 27001 A.12.3.1,NIST PR.IP-4,112 ECS + 251 EVS,LA-Buenos Aires1/LA-Santiago,Pendiente,,0,2,7,12,,,,Configurar CSBS/VBS para backups automáticos
STO-010,STORAGE,Vaults de Backup sin Inmutabilidad,CBS/VBS vaults sin protección WORM contra ransomware,CRITICA,9.0,CIS 5.8,ISO 27001 A.12.3.1,NIST PR.PT-5,CBS/VBS Vaults,LA-Buenos Aires1/LA-Santiago,Pendiente,,0,1,3,8,,,,Activar inmutabilidad (WORM) en todos los vaults de backup críticos
MON-001,MONITORING,Cloud Trace Service No Configurado,CTS no habilitado para todas las regiones y servicios,CRITICA,8.1,CIS 6.1,ISO 27001 A.12.4.1,NIST DE.AE-3,CTS Service,Multi-region,Pendiente,,0,1,3,8,,,,Habilitar CTS en todas las regiones con retención adecuada
MON-002,MONITORING,Retención de Logs Insuficiente,Logs con retención menor a 90 días,ALTA,6.5,CIS 6.2,ISO 27001 A.12.4.2,NIST PR.PT-1,Cloud Eye/CTS,Multi-region,Pendiente,,0,2,7,4,,,,Configurar retención mínima de 90 días para logs
MON-003,MONITORING,Alarmas Críticas No Configuradas,Ausencia de alarmas para eventos de seguridad críticos,ALTA,7.3,CIS 6.3-6.14,ISO 27001 A.16.1.2,NIST DE.CM-7,3 Cloud Eye,Multi-region,Pendiente,,0,2,14,12,,,,"Configurar alarmas para login fallidos, cambios IAM, etc."
MON-004,MONITORING,Log Integrity Validation Ausente,Logs sin validación de integridad mediante hashing,MEDIA,5.3,CIS 6.15,ISO 27001 A.12.4.3,NIST PR.DS-6,CTS Logs,Multi-region,Pendiente,,0,3,30,8,,,,Habilitar validación de integridad en CTS
MON-005,MONITORING,Métricas Customizadas Ausentes,Sin métricas personalizadas para KPIs de seguridad,BAJA,3.1,N/A,ISO 27001 A.12.1.3,NIST DE.CM-1,Cloud Eye,Multi-region,Pendiente,,0,4,60,16,,,,Crear métricas customizadas para seguridad
MON-006,MONITORING,Dashboards de Seguridad Inexistentes,Sin dashboards centralizados para monitoreo de seguridad,MEDIA,4.3,N/A,ISO 27001 A.12.1.3,NIST DE.DP-4,Cloud Eye,Multi-region,Pendiente,,0,3,30,8,,,,Crear dashboards de seguridad en Cloud Eye
MON-007,MONITORING,Integración SIEM Ausente,Logs no integrados con sistema SIEM corporativo,ALTA,6.8,N/A,ISO 27001 A.12.4.1,NIST DE.AE-2,CTS/Cloud Eye,Multi-region,Pendiente,,0,2,21,24,,,,Integrar logs con SIEM corporativo
COMP-001,COMPLIANCE,Política de Seguridad Cloud Ausente,Sin política formal de seguridad para cloud computing,ALTA,7.1,N/A,ISO 27001 A.5.1.1,NIST ID.GV-1,Documentación,Global,Pendiente,,0,2,14,40,,,,Desarrollar y aprobar política de seguridad cloud
COMP-002,COMPLIANCE,Evaluaciones de Riesgo No Realizadas,Ausencia de evaluaciones periódicas de riesgo,ALTA,6.5,N/A,ISO 27001 A.6.1.2,NIST ID.RA-1,Proceso GRC,Global,Pendiente,,0,2,21,32,,,,Implementar proceso de evaluación de riesgos trimestral
COMP-003,COMPLIANCE,Incumplimiento de Frameworks,No alineación con frameworks de seguridad requeridos,MEDIA,5.3,Multiple,Multiple,Multiple,Todos los servicios,Global,Pendiente,,0,3,45,80,,,,Mapear controles actuales contra frameworks requeridos
COMP-004,COMPLIANCE,Auditorías de Seguridad No Programadas,Sin calendario de auditorías de seguridad establecido,MEDIA,4.3,N/A,ISO 27001 A.9.1.1,NIST ID.GV-4,Proceso Auditoría,Global,Pendiente,,0,3,30,16,,,,Establecer calendario anual de auditorías
COMP-005,COMPLIANCE,Gestión de Cambios Inadecuada,Cambios en infraestructura sin proceso formal,MEDIA,5.3,N/A,ISO 27001 A.12.1.2,NIST PR.IP-3,Proceso ITIL,Global,Pendiente,,0,3,30,24,,,,Implementar proceso formal de gestión de cambios
COMP-006,COMPLIANCE,Inventario de Activos Incompleto,Inventario de recursos cloud incompleto o desactualizado,ALTA,6.5,N/A,ISO 27001 A.8.1.1,NIST ID.AM-1,437 recursos totales,Multi-region,Pendiente,,0,2,14,20,,,,Mantener inventario actualizado con herramienta CMDB
COMP-007,COMPLIANCE,Clasificación de Datos Ausente,Datos sin clasificación según criticidad y sensibilidad,ALTA,7.1,N/A,ISO 27001 A.8.2.1,NIST ID.AM-5,Todos los datos,Multi-region,Pendiente,,0,2,21,40,,,,Implementar esquema de clasificación de datos
OPS-001,OPERATIONS,Auto Scaling No Configurado,Servicios críticos sin auto scaling configurado,MEDIA,5.9,N/A,ISO 27001 A.17.1.1,NIST PR.PT-5,112 ECS,LA-Buenos Aires1,Pendiente,,0,3,30,16,,,,Configurar AS para servicios críticos
OPS-002,OPERATIONS,Health Checks Ausentes,Load balancers y servicios sin health checks configurados,MEDIA,4.3,N/A,ISO 27001 A.17.1.1,NIST DE.CM-8,2 ELBs,LA-Buenos Aires1,Pendiente,,0,3,30,4,,,,Configurar health checks en todos los ELBs
OPS-003,OPERATIONS,DRP No Documentado,Plan de recuperación ante desastres no documentado o probado,ALTA,7.5,N/A,ISO 27001 A.17.1.1,NIST RC.RP-1,Todos los servicios,Multi-region,Pendiente,,0,2,21,60,,,,Documentar y probar DRP completo
OPS-004,OPERATIONS,RTO/RPO No Definidos,Objetivos de tiempo y punto de recuperación no establecidos,MEDIA,5.3,N/A,ISO 27001 A.17.1.2,NIST RC.RP-1,Servicios críticos,Multi-region,Pendiente,,0,3,30,24,,,,Definir RTO/RPO para cada servicio crítico
OPS-005,OPERATIONS,Pruebas de Recuperación No Realizadas,Sin pruebas periódicas de procedimientos de recuperación,ALTA,6.5,N/A,ISO 27001 A.17.1.3,NIST RC.IM-2,Backups/DRP,Multi-region,Pendiente,,0,2,14,32,,,,Ejecutar pruebas de recuperación trimestrales
OPS-006,OPERATIONS,Configuración Manual No Documentada,Configuraciones manuales sin documentación o automatización,MEDIA,4.3,N/A,ISO 27001 A.12.1.1,NIST PR.IP-1,112 ECS,LA-Buenos Aires1/LA-Santiago,Pendiente,,0,3,45,40,,,,Documentar o automatizar con IaC todas las configuraciones
SEC-001,SECURITY,WAF No Implementado,Aplicaciones web sin Web Application Firewall,ALTA,7.5,CIS 7.1,ISO 27001 A.13.1.1,NIST PR.PT-4,Aplicaciones Web,LA-Buenos Aires1,Pendiente,,0,2,14,8,,,,Implementar WAF para aplicaciones web expuestas
SEC-002,SECURITY,Anti-DDoS No Configurado,Servicios expuestos sin protección Anti-DDoS,ALTA,7.5,CIS 7.2,ISO 27001 A.13.1.1,NIST PR.PT-4,Servicios públicos,Multi-region,Pendiente,,0,2,7,4,,,,Activar Anti-DDoS para servicios críticos expuestos
SEC-003,SECURITY,HSS No Implementado,Host Security Service no implementado en ECS,MEDIA,5.3,N/A,ISO 27001 A.12.2.1,NIST DE.CM-4,112 ECS,LA-Buenos Aires1/LA-Santiago,Pendiente,,0,3,30,24,,,,Implementar HSS en todos los ECS de producción
SEC-004,SECURITY,Vulnerability Scanning Ausente,Sin escaneos regulares de vulnerabilidades,ALTA,6.8,N/A,ISO 27001 A.12.6.1,NIST DE.CM-8,112 ECS + Aplicaciones,LA-Buenos Aires1/LA-Santiago,Pendiente,,0,2,14,16,,,,Implementar escaneo mensual de vulnerabilidades
SEC-005,SECURITY,Container Security No Implementado,CCE sin políticas de seguridad para contenedores,ALTA,7.3,CIS 7.3,ISO 27001 A.12.6.1,NIST PR.DS-1,1 CCE,LA-Buenos Aires1,Pendiente,,0,2,14,12,,,,Implementar políticas de seguridad para CCE
DATA-001,DATA,Sin Política de Residencia de Datos,Datos procesados/almacenados sin restricciones geográficas,CRITICA,8.4,N/A,ISO 27001 A.18.1.1,NIST ID.GV-3,Todos los datos,5 regiones,Pendiente,,0,1,7,32,,,,Definir política de residencia de datos para cumplimiento regulatorio argentino
DATA-002,DATA,Datos Sensibles sin Clasificación,PII/PCI/datos críticos sin identificación ni controles especiales,CRITICA,8.9,N/A,ISO 27001 A.8.2.1,NIST ID.AM-5,Bases de datos y OBS,Multi-region,Pendiente,,0,1,7,40,,,,Implementar DLP y clasificación de datos sensibles
ACCESS-001,ACCESS,Sin Bastion Host/PAM,Acceso directo SSH/RDP a servidores sin jump server,CRITICA,8.7,CIS 4.10,ISO 27001 A.9.1.2,NIST PR.AC-5,112 ECS,LA-Buenos Aires1/LA-Santiago,Pendiente,,0,1,3,16,,,,Implementar Bastion Host con grabación de sesiones
ACCESS-002,ACCESS,Workstations Administrativas sin Hardening,Equipos de admins sin restricciones ni monitoreo especial,ALTA,7.8,N/A,ISO 27001 A.9.2.3,NIST PR.AC-4,Admin workstations,Global,Pendiente,,0,2,14,24,,,,Implementar PAWs (Privileged Access Workstations)
SECRET-001,SECRETS,Credenciales en Código/Configuración,Passwords y API keys hardcodeadas en aplicaciones,CRITICA,9.2,CIS 1.22,ISO 27001 A.9.4.3,NIST PR.AC-1,Aplicaciones,Multi-region,Pendiente,,0,1,3,8,,,,Implementar Key Management Service para gestión de secretos
SECRET-002,SECRETS,Sin Rotación Automática de Secretos,Credenciales de aplicaciones sin rotación programada,ALTA,7.5,N/A,ISO 27001 A.9.2.6,NIST PR.AC-1,Service credentials,Multi-region,Pendiente,,0,2,14,16,,,,Automatizar rotación de secretos con KMS/Vault
IR-001,INCIDENT,Sin Plan de Respuesta a Incidentes Cloud,Ausencia de playbooks específicos para incidentes en nube,CRITICA,8.1,N/A,ISO 27001 A.16.1.1,NIST RS.RP-1,Proceso IR,Global,Pendiente,,0,1,7,40,,,,Desarrollar runbooks para incidentes específicos de cloud
IR-002,INCIDENT,Sin Capacidad Forense en Cloud,Incapacidad para realizar análisis forense en ECS/containers,ALTA,7.2,N/A,ISO 27001 A.16.1.7,NIST RS.AN-1,Forensics capability,Multi-region,Pendiente,,0,2,21,32,,,,Implementar herramientas y procedimientos forenses para cloud
COST-001,COST,Sin Control de Gastos por Ambiente,Recursos sin etiquetado para control de costos,MEDIA,4.8,N/A,ISO 27001 A.8.1.1,NIST ID.AM-1,437 recursos,Multi-region,Pendiente,,0,3,30,16,,,,Implementar tagging obligatorio y alertas de costos